Filename,Run Count,Last Run Date
"C:\Users\liang\AppData\LocalLow\Endnight\SonsOfTheForest\Saves\76561198852934495\SinglePlayer\0956129802\艰难生存.name",5,133553326774576573
"C:\Users\liang\AppData\LocalLow\Endnight\SonsOfTheForest\Saves\76561198852934495\SinglePlayer\0650005047\正式版艰难生存.name",3,133539232818220474
"C:\Users\liang\AppData\LocalLow\Endnight\SonsOfTheForest\Saves\76561198852934495\SinglePlayer\0967570929\测试神器.name",2,133553325205921297
"C:\Users\liang\Downloads\森林之子完整版存档\0650005047\正式版艰难生存.name",2,133539217502343061
"C:\Users\liang\AppData\LocalLow\Endnight\SonsOfTheForest\Saves\76561198852934495\SinglePlayer\0864521021\默认存档.name",1,133553324758565548
"C:\Users\liang\AppData\LocalLow\Endnight\SonsOfTheForest\Saves\76561198852934495\SinglePlayer\0368963624\正式版和平新档.name",1,133539217876936492
"C:\Users\liang\AppData\LocalLow\Endnight\SonsOfTheForest\Saves\76561198852934495\SinglePlayer\1268508985\正式版艰难生存.name",1,133539205749910553
