﻿<?xml version="1.0" encoding="utf-8"?>
<RuntimeConfiguration>
  <Mod ID="AchievementManager" UniqueID="AchievementManager-1.1-a334419d3979f1741b66b0a7d7335492" Version="1.1">
    <Button ID="menu">P</Button>
  </Mod>
  <ExecuteOnGameStart ModID="AchievementManager">System.Void AchievementManager.main::AddMeToScene()</ExecuteOnGameStart>
  <ExecuteOnGameStart ModID="AchievementManager">System.Void AchievementManager.main::GetAchievements()</ExecuteOnGameStart>
  <Mod ID="AntiGriefClient" UniqueID="AntiGriefClient-1.0.3-253e3f45dc1083d2e69366825aa89a2d" Version="1.0.3" />
  <ExecuteOnGameStart ModID="AntiGriefClient">System.Void AntiGriefClient.AntiGriefClient::AddMeToScene()</ExecuteOnGameStart>
  <Mod ID="ChineseItem" UniqueID="ChineseItem-1.0.0.1-1b27e88307779945e383f9a69a9a6470" Version="1.0.0.1">
    <Button ID="Menu">F2</Button>
  </Mod>
  <ExecuteOnGameStart ModID="ChineseItem">System.Void ChineseItem.FlyMo::AddMeToScene()</ExecuteOnGameStart>
  <Mod ID="Day22SpawnChange" UniqueID="Day22SpawnChange-1.0.2.2-c1c4909d775315af57337bb8913c409c" Version="1.0.2.2">
    <Button ID="OpenGUI">O</Button>
  </Mod>
  <ExecuteOnGameStart ModID="Day22SpawnChange">System.Void Day22SpawnChange.Day22SpawnChange::AddMeToScene()</ExecuteOnGameStart>
  <Mod ID="Map" UniqueID="Map-1.6-ee9792d8157cb44a70c9bbaa129cb296" Version="1.6" HasResources="true">
    <Button ID="OpenMap">M</Button>
  </Mod>
  <ExecuteOnGameStart ModID="Map">System.Void Map.IngameMap::Init()</ExecuteOnGameStart>
  <Mod ID="NumberOfPlayers" UniqueID="NumberOfPlayers-1.0.0.0-f031ad57ccec9242158982a5633a756d" Version="1.0.0.0" />
  <Mod ID="UltimateCheatmenu" UniqueID="UltimateCheatmenu-2.3.1-3e32dccd7dc4d617fe142619f4456be2" Version="2.3.1">
    <Button ID="OpenMenu">V</Button>
    <Button ID="MassTree">X</Button>
    <Button ID="FreezeTime">F4</Button>
    <Button ID="InstaBuild">F</Button>
    <Button ID="FreeCam">F3</Button>
    <Button ID="InstaRepair">LeftShift+R</Button>
    <Button ID="Fly">F6</Button>
    <Button ID="Noclip">F7</Button>
    <Button ID="Respawn">T</Button>
    <Button ID="RespawnInfinite">LeftShift+T</Button>
  </Mod>
  <ExecuteOnGameStart ModID="UltimateCheatmenu">System.Void UltimateCheatmenu.UCheatmenu::AddMeToScene()</ExecuteOnGameStart>
  <ExecuteOnGameStart ModID="UltimateCheatmenu">System.Void UltimateCheatmenu.UCheatmenu::FindAnimals()</ExecuteOnGameStart>
  <ExecuteOnGameStart ModID="UltimateCheatmenu">System.Void UltimateCheatmenu.UCheatmenu::FindProps()</ExecuteOnGameStart>
  <ExecuteOnGameStart ModID="UltimateCheatmenu">System.Void UltimateCheatmenu.UCheatmenu::FindObjects()</ExecuteOnGameStart>
  <ExecuteOnGameStart ModID="UltimateCheatmenu">System.Void UltimateCheatmenu.UCheatmenu::FindBolts()</ExecuteOnGameStart>
  <ExecuteOnGameStart ModID="UltimateCheatmenu">System.Void UltimateCheatmenu.UCheatmenu::LoadLanguages()</ExecuteOnGameStart>
</RuntimeConfiguration>