<?xml version="1.0"?>
<doc>
    <assembly>
        <name>Il2CppInterop.Runtime</name>
    </assembly>
    <members>
        <member name="T:Il2CppInterop.Runtime.Attributes.HideFromIl2CppAttribute">
            <summary>
                This attribute indicates that the target should not be exposed to IL2CPP in injected classes
            </summary>
        </member>
        <member name="F:Il2CppInterop.Runtime.Injection.ClassInjector.InjectedTypes">
            <summary> type.FullName </summary>
        </member>
        <member name="F:Il2CppInterop.Runtime.Injection.ClassInjector.InflatedMethodFromContextDictionary">
            <summary> (method) : (method_inst, method) </summary>
        </member>
        <member name="T:Il2CppInterop.Runtime.Injection.Hooks.Class_FromIl2CppType_Hook.Il2CppType">
            Common version of the Il2CppType, the only thing that changed between unity version are the bitfields values that we don't use
        </member>
        <member name="F:Il2CppInterop.Runtime.Injection.InjectorHelpers.s_ClassNameLookup">
            <summary> (namespace, class, image) : class </summary>
        </member>
    </members>
</doc>
