<?xml version="1.0"?>
<doc>
    <assembly>
        <name>SonsSdk</name>
    </assembly>
    <members>
        <member name="T:SonsSdk.AssetLoaders">
            <summary>
            Utilities for addressables
            </summary>
        </member>
        <member name="M:SonsSdk.AssetLoaders.LoadAsset``1(System.String)">
            <summary>
            Load an asset from addressables
            </summary>
            <param name="name"></param>
            <typeparam name="T"></typeparam>
            <returns></returns>
        </member>
        <member name="M:SonsSdk.AssetLoaders.LoadPrefab(System.String)">
            <summary>
            Load a gameobject from addressables
            </summary>
            <param name="name"></param>
            <returns></returns>
        </member>
        <member name="M:SonsSdk.AssetLoaders.InstantiatePrefab(System.String)">
            <summary>
            Load and instantiate a gameobject from addressables
            </summary>
            <param name="name"></param>
            <returns></returns>
        </member>
        <member name="M:SonsSdk.AssetLoaders.LoadBundleFromAssembly(System.Reflection.Assembly,System.String)">
            <summary>
            Load an asset bundle from the calling assembly. The name will automatically be prefixed with the assembly name.
            </summary>
            <param name="assembly">The assembly to load the bundle from</param>
            <param name="name">The path of the resource you wish to load</param>
            <returns></returns>
            <exception cref="T:System.Exception"></exception>
            <example>LoadFromAssembly("Resources.bundle")</example>
        </member>
        <member name="M:SonsSdk.AssetLoaders.LoadDataFromAssembly(System.Reflection.Assembly,System.String)">
            <summary>
            Load data from the calling assembly. The name will automatically be prefixed with the assembly name.
            </summary>
            <param name="assembly">The assembly to get the data from</param>
            <param name="name">The path of the resource you wish to load</param>
            <returns></returns>
            <exception cref="T:System.Exception"></exception>
            <example>LoadFromAssembly("Resources.bundle")</example>
        </member>
        <member name="M:SonsSdk.AssetLoaders.LoadTexture(System.Byte[])">
            <summary>
            Load a texture from a byte buffer
            </summary>
            <param name="data"></param>
            <returns></returns>
        </member>
        <member name="M:SonsSdk.AssetLoaders.LoadTexture(System.String)">
            <summary>
            Load a texture from a file
            </summary>
            <param name="path"></param>
            <returns></returns>
        </member>
        <member name="M:SonsSdk.AssetLoaders.LoadTextureFromAssembly(System.Reflection.Assembly,System.String)">
            <summary>
            Load a texture from a file in the calling assembly. The name will automatically be prefixed with the assembly name.
            </summary>
            <param name="assembly">The assembly to load the texture from</param>
            <param name="path"></param>
            <example>LoadTextureFromAssembly("Resources.MyTexture.png")</example>
            <returns></returns>
        </member>
        <member name="M:SonsSdk.AssetLoaders.MapBundleToFile(System.Byte[],System.Type)">
            <summary>
            Maps the contents of an asset bundle to a static class. The name of the property must match the name of the asset in the bundle.
            </summary>
            <param name="bundleData">The loaded bundle</param>
            <param name="mapFileType">The class to map the asset bundle contents to</param>
        </member>
        <member name="M:SonsSdk.AssetLoaders.MapBundleToFile``1(System.Byte[])">
            <inheritdoc cref="M:SonsSdk.AssetLoaders.MapBundleToFile(System.Byte[],System.Type)"/>
        </member>
        <member name="M:SonsSdk.CommonExtensions.FindGet``1(UnityEngine.GameObject,System.String)">
            <summary>
            Gets a transform by path and return a component on it
            </summary>
            <param name="go"></param>
            <param name="name">The path of the transform to get</param>
            <typeparam name="T">The type of the component to get</typeparam>
            <returns></returns>
        </member>
        <member name="M:SonsSdk.CommonExtensions.FindGet``1(UnityEngine.Transform,System.String)">
            <summary>
            Gets a transform by path and return a component on it
            </summary>
            <param name="tr"></param>
            <param name="name">The path of the transform to get</param>
            <typeparam name="T">The type of the component to get</typeparam>
            <returns></returns>
        </member>
        <member name="T:SonsSdk.CustomState">
            <summary>
            Class to create custom states i.e. temporarily disable (override) some inputs and have some update function.
            </summary>
        </member>
        <member name="M:SonsSdk.DebugTools.Inspect(System.Object,System.Boolean)">
            <summary>
            Will inspect an object in Unity Explorer if installed.
            </summary>
            <param name="obj"></param>
            <param name="showExporer">if true opens Unity Explorer too</param>
        </member>
        <member name="T:SonsSdk.DebugTools.LineDrawer">
            <summary>
            Class for drawing a line in the world.
            The constructor will create a new line renderer.
            </summary>
        </member>
        <member name="M:SonsSdk.DebugTools.LineDrawer.SetLine(UnityEngine.Vector3,UnityEngine.Vector3)">
            <summary>
            Sets the line start and end positions.
            </summary>
            <param name="start"></param>
            <param name="end"></param>
        </member>
        <member name="M:SonsSdk.DebugTools.LineDrawer.SetPosition(UnityEngine.Vector3)">
            <summary>
            Sets the position of the line renderer gameobject.
            </summary>
            <param name="pos"></param>
        </member>
        <member name="M:SonsSdk.GlobalInput.RegisterKey(UnityEngine.KeyCode,System.Action)">
            <summary>
            Register a key that will be polled every frame. The action will be invoke if the key is pressed during that frame.
            </summary>
            <param name="key"></param>
            <param name="action"></param>
            <returns>False if the key is already registered</returns>
        </member>
        <member name="P:SonsSdk.ManifestData.Id">
            <summary>
            Unique id of the mod
            </summary>
        </member>
        <member name="P:SonsSdk.ManifestData.Name">
            <summary>
            Name of the mod
            </summary>
        </member>
        <member name="P:SonsSdk.ManifestData.Author">
            <summary>
            Author of the mod
            </summary>
        </member>
        <member name="P:SonsSdk.ManifestData.Version">
            <summary>
            Version of the mod
            </summary>
        </member>
        <member name="P:SonsSdk.ManifestData.Description">
            <summary>
            Description of the mod
            </summary>
        </member>
        <member name="P:SonsSdk.ManifestData.GameVersion">
            <summary>
            Game version the mod is compatible with
            </summary>
        </member>
        <member name="P:SonsSdk.ManifestData.LoaderVersion">
            <summary>
            Loader version the mod is compatible with
            </summary>
        </member>
        <member name="P:SonsSdk.ManifestData.Platform">
            <summary>
            Where this mod is able to run. Possible values: "Client", "Server", "Universal".
            </summary>
        </member>
        <member name="P:SonsSdk.ManifestData.Dependencies">
            <summary>
            Optional. List of dependencies of the mod
            </summary>
        </member>
        <member name="P:SonsSdk.ManifestData.LogColor">
            <summary>
            Optional. The hex string color in which the mod's name will be displayed in the console
            </summary>
            <example>#ffffff</example>
        </member>
        <member name="P:SonsSdk.ManifestData.Url">
            <summary>
            Optional. Download url of the mod.
            </summary>
        </member>
        <member name="P:SonsSdk.ManifestData.Priority">
            <summary>
            Optional. Priority of the mod.
            </summary>
        </member>
        <member name="P:SonsSdk.ManifestData.Type">
            <summary>
            Type of the assembly. Possible values: "Mod", "Library".
            </summary>
        </member>
        <member name="M:SonsSdk.ModInputCache.Notify(RedLoader.KeybindConfigEntry,System.Action,System.Action)">
            <summary>
            Registers a callback for the "Performed" event of the input action.
            </summary>
        </member>
        <member name="M:SonsSdk.ModInputCache.RemoveNotify(RedLoader.KeybindConfigEntry,System.Action,System.Action)">
            <summary>
            Removes a previously registered callback for the "Performed" event of the input action.
            </summary>
        </member>
        <member name="M:SonsSdk.ModKeybind.Notify(System.Action,System.Action)">
            <summary>
            Registers a callback for the "Performed" event of the input action.
            </summary>
            <param name="performedAction"></param>
            <param name="releasedAction"></param>
        </member>
        <member name="M:SonsSdk.ModKeybind.RemoveNotify(System.Action,System.Action)">
            <summary>
            Removes a previously registered callback for the "Performed" event of the input action.
            </summary>
            <param name="performedAction"></param>
        </member>
        <member name="F:SonsSdk.SdkEvents.OnGameStart">
            <summary>
            Called when the player spawns in the world and gains control
            </summary>
        </member>
        <member name="F:SonsSdk.SdkEvents.OnSdkInitialized">
            <summary>
            Called when the sdk has been fully initialized
            </summary>
        </member>
        <member name="F:SonsSdk.SdkEvents.OnInWorldUpdate">
            <summary>
            Called on update when the player is in the world
            </summary>
        </member>
        <member name="F:SonsSdk.SdkEvents.OnItemPickup">
            <summary>
            Called when the player picks up an item
            </summary>
        </member>
        <member name="F:SonsSdk.SdkEvents.OnItemCrafted">
            <summary>
            Called when the player crafts an item
            </summary>
        </member>
        <member name="F:SonsSdk.SdkEvents.OnItemConsumed">
            <summary>
            Called when the player consumes an item
            </summary>
        </member>
        <member name="F:SonsSdk.SdkEvents.OnArmorEquipped">
            <summary>
            Called when the player equips some armor
            </summary>
        </member>
        <member name="F:SonsSdk.SdkEvents.OnCameraRender">
            <summary>
            Called by HDRP at the end of rendering a frame
            </summary>
        </member>
        <member name="F:SonsSdk.SdkEvents.BeforeSaveLoading">
            <summary>
            Called before serializing the save game (i.e. saving a save)
            </summary>
        </member>
        <member name="F:SonsSdk.SdkEvents.AfterSaveLoading">
            <summary>
            Called after serializing the save game. (i.e. saving a save)
            Returns if it should only save the player (i.e. saveGameType = MultiplayerClient)
            </summary>
        </member>
        <member name="F:SonsSdk.SdkEvents.BeforeLoadSave">
            <summary>
            Called before deserializing the save game (i.e. loading a save)
            </summary>
        </member>
        <member name="F:SonsSdk.SdkEvents.AfterLoadSave">
            <summary>
            Called after deserializing the save game (i.e. loading a save)
            </summary>
        </member>
        <member name="F:SonsSdk.SdkEvents.OnGameActivated">
            <summary>
            Called on the fith activation sequence when the game mode is initialized.
            This should be used for general world modifications.
            </summary>
        </member>
        <member name="F:SonsSdk.SdkEvents.OnWorldSimActorAdded">
            <summary>
            Called when a world sim actor has been added to the world
            </summary>
        </member>
        <member name="F:SonsSdk.SdkEvents.OnWorldSimActorRemoved">
            <summary>
            Called when a world sim actor has been removed from the world
            </summary>
        </member>
        <member name="F:SonsSdk.SonsMod.OnWorldUpdatedCallback">
            <summary>
            Method that gets called on update but only when in the world.
            </summary>
        </member>
        <member name="F:SonsSdk.SonsMod.OnCommandsRegisteredCallback">
            <summary>
            Gets called after all commands have been registered.
            </summary>
        </member>
        <member name="M:SonsSdk.SonsMod.OnSceneWasLoaded(System.Int32,System.String)">
            <summary>
                Runs when a new Scene is loaded.
            </summary>
        </member>
        <member name="M:SonsSdk.SonsMod.OnSceneWasInitialized(System.Int32,System.String)">
            <summary>
                Runs once a Scene is initialized.
            </summary>
        </member>
        <member name="M:SonsSdk.SonsMod.OnSceneWasUnloaded(System.Int32,System.String)">
            <summary>
                Runs once a Scene unloads.
            </summary>
        </member>
        <member name="M:SonsSdk.SonsMod.OnGameStart">
            <summary>
            Runs when the game scene is loaded (right before the player gains control).
            </summary>
        </member>
        <member name="M:SonsSdk.SonsMod.OnSdkInitialized">
            <summary>
            Runs when the SDK is fully initialized. SDK usage like creation of custom UI should be done here.
            </summary>
        </member>
        <member name="M:SonsSdk.SonsMod.OnSonsSceneInitialized(SonsSdk.ESonsScene)">
            <summary>
            Runs when a scene is initialized. But with an enum parameter to check for sons scenes.
            </summary>
            <param name="sonsScene"></param>
        </member>
        <member name="M:SonsSdk.SonsTools.ShowMessage(System.String,System.Single)">
            <summary>
            Show a message in the bottom left corner of the screen for a certain duration.
            </summary>
            <param name="message"></param>
            <param name="duration"></param>
        </member>
        <member name="M:SonsSdk.SonsTools.MenuMode(System.Boolean)">
            <summary>
            Toggle menu mode. Stops all keyboard inputs and shows the cursor.
            </summary>
            <param name="enable"></param>
        </member>
        <member name="M:SonsSdk.SonsTools.GetPositionInFrontOfPlayer(System.Single)">
            <summary>
            Get a vector3 position in from of the player
            </summary>
            <param name="distance"></param>
            <returns></returns>
        </member>
        <member name="M:SonsSdk.SonsTools.GetPositionInFrontOfPlayer(System.Single,System.Single)">
            <summary>
            Get a vector3 position in from of the player
            </summary>
            <param name="distance"></param>
            <param name="height"></param>
            <returns></returns>
        </member>
        <member name="M:SonsSdk.SonsTools.GetPlayerDistance(UnityEngine.Vector3)">
            <summary>
            Calculate the distance between the player and a position
            </summary>
            <param name="position"></param>
            <returns></returns>
        </member>
        <member name="M:SonsSdk.SonsTools.IsPlayerInDistance(UnityEngine.Vector3,System.Single)">
            <summary>
            Check if the player is under a certain distance to a position
            </summary>
            <param name="position"></param>
            <param name="distance"></param>
            <returns></returns>
        </member>
        <member name="M:SonsSdk.SonsTools.TryGetSaveGameIds(System.Collections.Generic.List{System.UInt32}@,Sons.Save.SaveGameType)">
            <summary>
            Get all savegame ids for a specific savegame type
            </summary>
            <param name="saveIds"></param>
            <param name="saveGameType"></param>
            <returns></returns>
        </member>
        <member name="M:SonsSdk.SonsUiTools.RegisterCustomLinkUi(SUI.SContainerOptions,System.String,Sons.Gui.UiElement.UiElementTransformType,System.Int32)">
            <summary>
            Registers a custom ui to the sons link ui manager. Should be called in the OnSdkInitialized callback.
            </summary>
            <param name="container"></param>
            <param name="id"></param>
        </member>
        <member name="M:SonsSdk.SonsUiTools.RegisterCustom2DUi(SUI.SContainerOptions,System.String,Sons.Gui.UiElement.UiElementTransformType)">
            <summary>
            Registers a custom 2d ui to the sons link ui manager. Should be called in the OnSdkInitialized callback.
            </summary>
            <param name="container"></param>
            <param name="id"></param>
        </member>
        <member name="P:SonsSdk.SoundTools.MasterVolume">
            <summary>
            The master volume in the game settings.
            </summary>
        </member>
        <member name="P:SonsSdk.SoundTools.MusicVolume">
            <summary>
            The music volume in the game settings. Multiplied by the master volume.
            </summary>
        </member>
        <member name="P:SonsSdk.SoundTools.SfxVolume">
            <summary>
            The sfx volume in the game settings. Multiplied by the master volume.
            </summary>
        </member>
        <member name="P:SonsSdk.SoundTools.VoiceVolume">
            <summary>
            The voice volume in the game settings. Multiplied by the master volume.
            </summary>
        </member>
        <member name="M:SonsSdk.SoundTools.RegisterSound(System.String,System.String,System.Boolean)">
            <summary>
            Register a sound to the fmod system from a file. You can play it with <see cref="M:SonsSdk.SoundTools.PlaySound(System.String,System.Nullable{System.Single},System.Nullable{System.Single})"/>.
            </summary>
            <param name="id">The id of the sound by which you can play it later</param>
            <param name="filepath">The file path of the sound</param>
        </member>
        <member name="M:SonsSdk.SoundTools.RegisterSound(System.String,System.Byte[],System.Boolean)">
            <summary>
            Register a sound to the fmod system from memory. You can play it with <see cref="M:SonsSdk.SoundTools.PlaySound(System.String,System.Nullable{System.Single},System.Nullable{System.Single})"/>.
            </summary>
            <param name="id">The id of the sound by which you can play it later</param>
            <param name="data">the data of the sound file</param>
        </member>
        <member name="M:SonsSdk.SoundTools.LoadBank(System.String,System.Boolean,FMOD.Studio.LOAD_BANK_FLAGS)">
            <summary>
            Loads and registeres a bank file
            </summary>
            <param name="path">The path of the bank file (Make sure the {name}.strings.bank file is also present at that location)</param>
            <param name="loadStringsFile">If the .strings.bank file should also be loaded. If true make sure it exists beside the .bank file</param>
            <param name="flags"></param>
            <returns></returns>
        </member>
        <member name="M:SonsSdk.SoundTools.LoadBank(System.Byte[],System.Byte[],FMOD.Studio.LOAD_BANK_FLAGS)">
            <summary>
            Loads and registeres a bank from a byte buffer
            </summary>
            <param name="data">The .bank data</param>
            <param name="stringsData">The .strings.bank data</param>
            <param name="flags"></param>
            <returns></returns>
        </member>
        <member name="M:SonsSdk.SoundTools.PlaySound(System.String,System.Nullable{System.Single},System.Nullable{System.Single})">
            <summary>
            Play a registered sound
            </summary>
            <param name="id">The id you specified in <see cref="M:SonsSdk.SoundTools.RegisterSound(System.String,System.String,System.Boolean)"/></param>
            <param name="volume">The volume of the sound. If nothing is specified the settings music volume is used</param>
            <param name="pitch">The pitch of the sound. 1 is normal pitch</param>
            <returns>A channel which let's you control and stop the sound again</returns>
        </member>
        <member name="M:SonsSdk.SoundTools.PlaySound(System.String,UnityEngine.Vector3,System.Nullable{System.Single},System.Nullable{System.Single},System.Nullable{System.Single})">
            <summary>
            Play a registered sound
            </summary>
            <param name="id">The id you specified in <see cref="M:SonsSdk.SoundTools.RegisterSound(System.String,System.String,System.Boolean)"/></param>
            <param name="pos">The position at which to play the sound</param>
            <param name="maxDist">The maximum distance at which the sound is still audible</param>
            <param name="volume">The volume of the sound. If nothing is specified the settings music volume is used</param>
            <param name="pitch">The pitch of the sound. 1 is normal pitch</param>
            <returns>A channel which let's you control and stop the sound again</returns>
        </member>
        <member name="M:SonsSdk.SoundTools.PlaySound(FMODCustom.Sound,System.Single,System.Nullable{System.Single})">
            <summary>
            Gets the sound by id.
            </summary>
            <param name="sound"></param>
            <param name="volume"></param>
            <param name="pitch"></param>
            <returns></returns>
        </member>
        <member name="M:SonsSdk.SoundTools.SetupRedirect(System.String,System.String)">
            <summary>
            Redirects a registered fmod event to another event
            </summary>
            <param name="srcEvent">The original event</param>
            <param name="dstEvent">The event that should be played instead</param>
        </member>
        <member name="M:SonsSdk.SoundTools.BindSound(UnityEngine.GameObject,System.String)">
            <summary>
            Bind a sound to a gameobject. The sound will be played at the position of the gameobject.
            </summary>
            <param name="go">The gameobject to bind the sound to</param>
            <param name="id">The id of the sound to play</param>
            <returns></returns>
        </member>
        <member name="M:SonsSdk.UnityUtils.ToSprite(UnityEngine.Texture2D)">
            <summary>
            Convert a texture to a sprite. This is a slow operation. Make sure to cache the result.
            </summary>
            <param name="tex"></param>
            <returns></returns>
        </member>
        <member name="M:SonsSdk.UnityUtils.AddOrGet``1(UnityEngine.GameObject)">
            <summary>
            Get a component or adds it to the gameobject if it doesn't exist
            </summary>
            <param name="go"></param>
            <typeparam name="T"></typeparam>
            <returns></returns>
        </member>
        <member name="T:SUI.MenuAttacher">
            <summary>
            class for attaching custom SUI UIs to game menus
            </summary>
        </member>
        <member name="M:SUI.SContainerOptions.BindVisibility(SUI.Observable{System.Boolean},System.Boolean)">
            <summary>
            Binds the visibility of the container to an observable boolean value.
            </summary>
            <param name="observable">The observable boolean value to bind to.</param>
            <param name="toggleGameObject">Whether to toggle the GameObject's active state based on the observable value or the canvasgroup alpha.</param>
        </member>
        <member name="M:SUI.SContainerOptions.BindVisibilityInverted(SUI.Observable{System.Boolean},System.Boolean)">
            <summary>
            Binds the visibility of the container to an observable boolean value.
            </summary>
            <param name="observable">The observable boolean value to bind to.</param>
            <param name="toggleGameObject">Whether to toggle the GameObject's active state based on the observable value or the canvasgroup alpha.</param>
        </member>
        <member name="M:SUI.SContainerOptions.Horizontal(System.Single,System.String)">
            <summary>
            Configures the container's layout as horizontal with optional spacing and layout mode.
            </summary>
            <param name="spacing">Optional. The amount of spacing between elements.</param>
            <param name="mode">Optional. The layout mode to apply (e.g., flexible, fixed, etc.).</param>
        </member>
        <member name="M:SUI.SContainerOptions.Vertical(System.Single,System.String)">
            <summary>
            Configures the container's layout as vertical with optional spacing and layout mode.
            </summary>
            <param name="spacing">Optional. The amount of spacing between elements.</param>
            <param name="mode">Optional. The layout mode to apply (e.g., flexible, fixed, etc.).</param>
        </member>
        <member name="M:SUI.SContainerOptions.LayoutChildAlignment(UnityEngine.TextAnchor)">
            <summary>
            Sets the alignment of child elements within the container's horizontal or vertical layout.
            </summary>
            <param name="alignment">The alignment for child elements.</param>
        </member>
        <member name="M:SUI.SContainerOptions.ChildControl(System.Nullable{System.Boolean},System.Nullable{System.Boolean})">
            <summary>
            Configures whether child elements in the container's horizontal or vertical layout should control their width and/or height.
            </summary>
            <param name="width">Optional. Set to true to enable child width control, false to disable. Set to null to keep the current setting.</param>
            <param name="height">Optional. Set to true to enable child height control, false to disable. Set to null to keep the current setting.</param>
        </member>
        <member name="M:SUI.SContainerOptions.ChildExpand(System.Nullable{System.Boolean},System.Nullable{System.Boolean})">
            <summary>
            Configures whether child elements in the container's horizontal or vertical layout should expand to fill available space.
            </summary>
            <param name="width">Optional. Set to true to enable child width expansion, false to disable. Set to null to keep the current setting.</param>
            <param name="height">Optional. Set to true to enable child height expansion, false to disable. Set to null to keep the current setting.</param>
        </member>
        <member name="M:SUI.SContainerOptions.LayoutUseChildScale(System.Nullable{System.Boolean},System.Nullable{System.Boolean})">
            <summary>
            Configures whether child elements in the container's horizontal or vertical layout should use child scale settings.
            </summary>
            <param name="width">Optional. Set to true to enable child width scaling, false to disable. Set to null to keep the current setting.</param>
            <param name="height">Optional. Set to true to enable child height scaling, false to disable. Set to null to keep the current setting.</param>
        </member>
        <member name="M:SUI.SContainerOptions.LayoutMode(System.String)">
            <summary>
            E = Expand, C = Control.
            First letter is width, second is height
            </summary>
            <param name="mode"></param>
        </member>
        <member name="M:SUI.SContainerOptions.Spacing(System.Single)">
            <summary>
            Sets the spacing between elements in the container's horizontal or vertical layout.
            </summary>
            <param name="spacing">The amount of spacing between elements.</param>
        </member>
        <member name="M:SUI.SContainerOptions.Spacing(System.Single,System.Single)">
            <summary>
            Sets the spacing between rows and columns in the container's grid layout.
            </summary>
            <param name="spacingRow">The amount of spacing between rows.</param>
            <param name="spacingCol">The amount of spacing between columns.</param>
        </member>
        <member name="M:SUI.SContainerOptions.Padding(System.Single)">
            <summary>
            Sets equal padding for all sides of the container's layout.
            </summary>
            <param name="padding">The amount of padding to apply on all sides.</param>
        </member>
        <member name="M:SUI.SContainerOptions.Padding(System.Single,System.Single,System.Single,System.Single)">
            <summary>
            Sets padding for the container's layout on all sides individually.
            </summary>
            <param name="left">The amount of padding for the left side.</param>
            <param name="right">The amount of padding for the right side.</param>
            <param name="top">The amount of padding for the top side.</param>
            <param name="bottom">The amount of padding for the bottom side.</param>
        </member>
        <member name="M:SUI.SContainerOptions.PaddingHorizontal(System.Single)">
            <summary>
            Sets horizontal padding for the container's layout.
            </summary>
            <param name="padding">The amount of horizontal padding to apply.</param>
        </member>
        <member name="M:SUI.SContainerOptions.PaddingVertical(System.Single)">
            <summary>
            Sets vertical padding for the container's layout.
            </summary>
            <param name="padding">The amount of vertical padding to apply.</param>
        </member>
        <member name="M:SUI.SContainerOptions.Grid(System.Int32,System.Single)">
            <summary>
            Creates a grid layout with the given constraint count and spacing.
            </summary>
            <param name="constraintCount">Number of the fixed rows or columns</param>
            <param name="spacing"></param>
        </member>
        <member name="M:SUI.SContainerOptions.CellSize(System.Single,System.Single)">
            <summary>
            Sets the cell size of the GridLayoutGroup attached to the root object.
            </summary>
            <param name="width">Width of the cell.</param>
            <param name="height">Height of the cell.</param>
        </member>
        <member name="M:SUI.SContainerOptions.AutoSize(UnityEngine.UI.ContentSizeFitter.FitMode,UnityEngine.UI.ContentSizeFitter.FitMode)">
            <summary>
            Configures automatic sizing for the container using ContentSizeFitter.
            </summary>
            <param name="horizontal">The horizontal fitting mode for content.</param>
            <param name="vertical">The vertical fitting mode for content.</param>
        </member>
        <member name="M:SUI.SContainerOptions.AutoSize(System.String)">
            <summary>
            M = MinSize, P = PreferredSize.
            First letter is width, second is height
            </summary>
            <param name="mode"></param>
            <returns></returns>
            <exception cref="T:System.Exception"></exception>
        </member>
        <member name="M:SUI.SContainerOptions.Background(UnityEngine.Color,SUI.EBackground,System.Nullable{UnityEngine.UI.Image.Type})">
            <summary>
            Sets the background appearance of the container using a solid color and an optional background sprite.
            </summary>
            <param name="color">The desired background color.</param>
            <param name="clean">Flag to determine if the background sprite should be removed (optional).</param>
        </member>
        <member name="M:SUI.SContainerOptions.Background(UnityEngine.Sprite,System.Nullable{UnityEngine.Color},UnityEngine.UI.Image.Type)">
            <summary>
            Sets the background appearance of the container using a solid color and an optional background sprite.
            </summary>
            <param name="sprite"></param>
            <param name="color">The desired background color.</param>
            <param name="type"></param>
        </member>
        <member name="M:SUI.SContainerOptions.OverrideSorting(System.Int32)">
            <summary>
            Gets or adds a canvas and overrides the sorting order of the parent canvas.
            </summary>
            <param name="sortingOrder"></param>
            <returns></returns>
        </member>
        <member name="M:SUI.SettingsRegistry.SettingsEntry.SetCharacterLimit(RedLoader.ConfigEntry,System.Int32,System.Boolean)">
            <summary>
            Sets the textboxes character limit. Make sure the config entry is a string entry.
            </summary>
            <param name="entry"></param>
            <param name="characterLimit"></param>
            <param name="disableAutoSizing">Disable auto sizing of the text inside the textbox</param>
        </member>
        <member name="M:SUI.SKeybindOptions.BindingInputHeight(System.Single)">
            <summary>
            Forces a total height for the keybind container
            </summary>
            <param name="height"></param>
            <returns></returns>
        </member>
        <member name="M:SUI.SUI.GetPrefabs">
            <summary>
            Gather all the prefabs
            </summary>
        </member>
        <member name="M:SUI.SUI.BackupPrefabs">
            <summary>
            Create a copy of the prefabs
            </summary>
        </member>
        <member name="M:SUI.SUI.PreparePrefabs">
            <summary>
            Cleanup and modify the duplicated prefabs
            </summary>
        </member>
        <member name="M:SUI.SUI.RegisterNewPanel(System.String,System.Boolean,System.Nullable{UnityEngine.KeyCode})">
            <inheritdoc cref="M:SUI.SUI.RegisterNewPanel(System.String,System.Boolean,System.Nullable{UnityEngine.KeyCode})"/>
        </member>
        <member name="M:SUI.SUI.RegisterNewPanel(System.String,UnityEngine.Transform,System.Boolean,System.Nullable{UnityEngine.KeyCode})">
            <summary>
            Creates a new panel and registers it to the sui system.
            </summary>
            <param name="id">The id by which you can manage the panel later. Needs to be unique</param>
            <param name="parent">The transform to parent the panel to</param>
            <param name="enableInput">If true enables the mouse and disables game keyboard input once the panel is showing</param>
            <param name="toggleKey">Optional key by which you can toggle the panel</param>
            <returns></returns>
        </member>
        <member name="M:SUI.SUI.SpriteText(System.String,System.String)">
            <summary>
            Get a rich text string for a sprite
            </summary>
            <param name="spriteName">Name of the sprite</param>
            <param name="color">Optional color of the sprite. White by default</param>
            <returns>A string in the form of &lt;sprite name="sprite" color=#000&gt;</returns>
        </member>
        <member name="M:SUI.SUI.WrapColor(System.String,System.String)">
            <summary>
            Wraps some text in a rich text color tag
            </summary>
            <param name="text">The text to wrap</param>
            <param name="color">The color of the text</param>
            <returns>A string in the form of &lt;color=#000&gt;text&lt;/color&gt;</returns>
        </member>
        <member name="M:SUI.SUiElement`1.BindVisibility(SUI.Observable{System.Boolean})">
            <summary>
            Binds the visibility of the container to an observable boolean value.
            </summary>
            <param name="observable">The observable boolean value to bind to.</param>
        </member>
        <member name="M:SUI.SUiElement`1.BindVisibilityInverted(SUI.Observable{System.Boolean})">
            <summary>
            Binds the visibility of the container to an observable boolean value.
            </summary>
            <param name="observable">The observable boolean value to bind to.</param>
        </member>
        <member name="M:SUI.SUiElement`1.UnbindVisibility">
            <summary>
            Unbinds the visibility of the container from any previously bound observable.
            </summary>
        </member>
        <member name="M:SUI.SUiElement`1.Text(System.String)">
            <summary>
            Set the text of the main text object
            </summary>
            <param name="text"></param>
            <returns></returns>
        </member>
        <member name="M:SUI.SUiElement`1.RichText(System.String)">
            <summary>
            Set the text of the main text object as rich text
            </summary>
            <param name="text"></param>
            <returns></returns>
        </member>
        <member name="M:SUI.SUiElement`1.FontSize(System.Int32)">
            <summary>
            Set the font size of the main text object
            </summary>
            <param name="size"></param>
            <returns></returns>
        </member>
        <member name="M:SUI.SUiElement`1.FontAutoSize(System.Boolean)">
            <summary>
            Toggle auto sizing of the main text object
            </summary>
            <param name="enabled"></param>
            <returns></returns>
        </member>
        <member name="M:SUI.SUiElement`1.FontAutoSizeRange(System.Int32,System.Int32)">
            <summary>
            Set the auto size range of the text
            </summary>
            <param name="min"></param>
            <param name="max"></param>
            <returns></returns>
        </member>
        <member name="M:SUI.SUiElement`1.FontColor(UnityEngine.Color)">
            <summary>
            Set the font color of the main text object
            </summary>
            <param name="color"></param>
            <returns></returns>
        </member>
        <member name="M:SUI.SUiElement`1.Find``1(System.String)">
            <summary>
            Finds a child object and returns it as a SUiElement
            </summary>
            <param name="path"></param>
            <typeparam name="TObj"></typeparam>
            <returns></returns>
        </member>
        <member name="M:SUI.SUiElement`1.MinOffset(System.Nullable{System.Int32},System.Nullable{System.Int32})">
            <summary>
            Set the minimum offset of the rect transform
            </summary>
            <param name="x"></param>
            <param name="y"></param>
            <returns></returns>
        </member>
        <member name="M:SUI.SUiElement`1.MaxOffset(System.Nullable{System.Int32},System.Nullable{System.Int32})">
            <summary>
            Set the maximum offset of the rect transform
            </summary>
            <param name="x"></param>
            <param name="y"></param>
            <returns></returns>
        </member>
        <member name="M:SUI.SUiElement`1.Size(System.Nullable{System.Single},System.Nullable{System.Single})">
            <summary>
            Set the size delta of the rect transform
            </summary>
            <param name="width"></param>
            <param name="height"></param>
            <returns></returns>
        </member>
        <member name="M:SUI.SUiElement`1.Size(UnityEngine.Vector2)">
            <summary>
            Set the size delta of the rect transform
            </summary>
            <param name="size"></param>
            <returns></returns>
        </member>
        <member name="M:SUI.SUiElement`1.Position(System.Nullable{System.Single},System.Nullable{System.Single})">
            <summary>
            Set the anchor position of the rect transform
            </summary>
            <param name="x"></param>
            <param name="y"></param>
            <returns></returns>
        </member>
        <member name="M:SUI.SUiElement`1.Width(System.Single)">
            <summary>
            Set the size delta width of the rect transform
            </summary>
            <param name="width"></param>
            <returns></returns>
        </member>
        <member name="M:SUI.SUiElement`1.Height(System.Single)">
            <summary>
            Set the size delta height of the rect transform
            </summary>
            <param name="height"></param>
            <returns></returns>
        </member>
        <member name="M:SUI.SUiElement`1.PHeight(System.Single)">
            <summary>
            Set the preferred height of the layout element
            </summary>
            <param name="height"></param>
            <returns></returns>
        </member>
        <member name="M:SUI.SUiElement`1.PWidth(System.Single)">
            <summary>
            Set the preferred width of the layout element
            </summary>
            <param name="width"></param>
            <returns></returns>
        </member>
        <member name="M:SUI.SUiElement`1.MHeight(System.Single)">
            <summary>
            Set the minimum height of the layout element
            </summary>
            <param name="height"></param>
            <returns></returns>
        </member>
        <member name="M:SUI.SUiElement`1.MWidth(System.Single)">
            <summary>
            Set the minimum width of the layout element
            </summary>
            <param name="width"></param>
            <returns></returns>
        </member>
        <member name="M:SUI.SUiElement`1.Margin(System.Single,System.Single,System.Single,System.Single)">
            <summary>
            Set the offsets of the rect transform
            </summary>
            <param name="top"></param>
            <param name="right"></param>
            <param name="bottom"></param>
            <param name="left"></param>
            <returns></returns>
        </member>
        <member name="M:SUI.SUiElement`1.Margin(System.Single,System.Single)">
            <summary>
            Set the offsets of the rect transform
            </summary>
            <param name="rightLeft"></param>
            <param name="topBottom"></param>
            <returns></returns>
        </member>
        <member name="M:SUI.SUiElement`1.Margin(System.Single)">
            <summary>
            Set the offsets of the rect transform
            </summary>
            <param name="padding"></param>
            <returns></returns>
        </member>
        <member name="M:SUI.SUiElement`1.HFill">
            <summary>
            Sets the anchor and offsets to fill horizontally
            </summary>
            <returns></returns>
        </member>
        <member name="M:SUI.SUiElement`1.VFill">
            <summary>
            Sets the anchor and offsets to fill vertically
            </summary>
            <returns></returns>
        </member>
        <member name="M:SUI.SUiElement`1.VOffset(System.Single,System.Single)">
            <summary>
            Set the horizontal rect offset
            </summary>
            <param name="top"></param>
            <param name="bottom"></param>
            <returns></returns>
        </member>
        <member name="M:SUI.SUiElement`1.HOffset(System.Single,System.Single)">
            <summary>
            Set the vertical rect offset
            </summary>
            <param name="left"></param>
            <param name="right"></param>
            <returns></returns>
        </member>
        <member name="M:SUI.SUiElement`1.Pivot(System.Nullable{System.Single},System.Nullable{System.Single})">
            <summary>
            Set the rect pivot
            </summary>
            <param name="x"></param>
            <param name="y"></param>
            <returns></returns>
        </member>
        <member name="M:SUI.SUiElement`1.TopLeft">
            <summary>
            A shortcut to set the pivot to (0,1) and anchor to top left.
            </summary>
            <returns></returns>
        </member>
        <member name="M:SUI.SUiElement`1.TopLeft(System.Single,System.Single)">
            <summary>
            A shortcut to set the pivot to (0,1) and anchor to top left.
            Additionally sets the position (with the y value negated).
            This might be easier for users coming from web dev or frameworks like Imgui.
            </summary>
            <returns></returns>
        </member>
        <member name="M:SUI.SUiElement`1.AspectRatio(UnityEngine.UI.AspectRatioFitter.AspectMode)">
            <summary>
            Sets the aspect ratio mode for the objects's aspect ratio fitter.
            Adds an aspect ratio fitter if none is present.
            </summary>
            <param name="mode">The aspect ratio mode to apply.</param>
        </member>
        <member name="M:SUI.SUiElement`1.Anchor(SUI.AnchorType)">
            <summary>
            Set the rect anchor
            </summary>
            <param name="anchorType"></param>
            <returns></returns>
        </member>
        <member name="M:SUI.SUiElement`1.Dock(SUI.EDockType)">
            <summary>
            An abstraction of the anchor and offset settings
            </summary>
            <param name="type"></param>
            <returns></returns>
        </member>
        <member name="M:SUI.SUiElement`1.Ppu(System.Single)">
            <summary>
            Sets the pixels per unit multiplier for the object's image.
            </summary>
            <param name="ppu"></param>
            <returns></returns>
        </member>
        <member name="M:SUI.SUiElement`1.Visible(System.Boolean)">
            <summary>
            Set the visibility of the element (by setting the alpha and blocking raycasts)
            </summary>
            <param name="visible"></param>
            <returns></returns>
        </member>
        <member name="M:SUI.SUiElement`1.Active(System.Boolean)">
            <summary>
            Set the root gameobject to active or inactive
            </summary>
            <param name="active"></param>
            <returns></returns>
        </member>
        <member name="M:SUI.SUiElement`1.Toggle">
            <summary>
            Toggle the root gameobject
            </summary>
            <returns></returns>
        </member>
        <member name="M:SUI.SUiElement`1.OnClick(System.Action)">
            <summary>
            Fire an action when the container is clicked (FOR BUTTONS USE .Notify() INSTEAD)
            </summary>
            <param name="action"></param>
            <returns></returns>
        </member>
        <member name="M:SUI.SUiElement`2.Bind(SUI.Observable{`1})">
            <summary>
            Bind an observable to the element value
            </summary>
            <param name="observable"></param>
            <returns></returns>
        </member>
        <member name="M:SUI.SUiElement`2.Unbind">
            <summary>
            Unbind the current observable from the element value
            </summary>
            <returns></returns>
        </member>
    </members>
</doc>
